{"long":{"0":true,"1":true,"2":true,"3":true,"4":true,"5":false,"6":false,"7":false,"8":false,"9":false},"mm_level":{"0":4,"1":3,"2":2,"3":1,"4":0,"5":0,"6":1,"7":2,"8":3,"9":4},"total_trades":{"0":81,"1":252,"2":395,"3":492,"4":563,"5":604,"6":544,"7":438,"8":320,"9":219},"win_trades":{"0":71,"1":219,"2":243,"3":273,"4":268,"5":286,"6":293,"7":282,"8":255,"9":192},"win_rate":{"0":0.8765432099,"1":0.869047619,"2":0.6151898734,"3":0.5548780488,"4":0.4760213144,"5":0.4735099338,"6":0.5386029412,"7":0.6438356164,"8":0.796875,"9":0.8767123288},"both_sides_maker":{"0":53,"1":174,"2":281,"3":344,"4":384,"5":380,"6":345,"7":298,"8":221,"9":147},"spread":{"0":3.40714,"1":9.191,"2":13.17717,"3":63.99443,"4":92.49484,"5":201.1829,"6":55.87682,"7":15.62138,"8":11.84309,"9":54.5107},"rebate":{"0":0.244723274,"1":1.5870727645,"2":16.8956041138,"3":24.2445392319,"4":32.9599255061,"5":35.5328759714,"6":28.7168102987,"7":20.2334072594,"8":9.3722977671,"9":4.1000644316},"fee_paid":{"0":0.8201052928,"1":2.285217152,"2":3.4022044928,"3":4.3992439424,"4":5.5435764768,"5":6.920923648,"6":5.9344951264,"7":4.1459345728,"8":2.9056621408,"9":2.1171810656},"revenue_per_level":{"0":2.8317579812,"1":7.72737037,"2":9.0372356584,"3":57.1717566566,"4":82.5535558768,"5":197.0085501095,"6":52.4311846747,"7":15.5993375701,"8":13.4800425807,"9":56.493583366},"win_trades_avg_holdtime_per_level":{"0":276.8732394366,"1":360.2465753425,"2":387.0,"3":438.1282051282,"4":351.2537313433,"5":329.8811188811,"6":305.7610921502,"7":328.2765957447,"8":329.631372549,"9":234.625},"lose_trades_avg_holdtime_per_level":{"0":11.1,"1":10.7826086957,"2":13.05,"3":18.625,"4":20.2692307692,"5":26.5454545455,"6":4.8518518519,"7":23.2727272727,"8":20.037037037,"9":22.2222222222},"win_trades_avg_holdtime_per_side":{"0":362.7003502501,"1":362.7003502501,"2":362.7003502501,"3":362.7003502501,"4":362.7003502501,"5":305.635035865,"6":305.635035865,"7":305.635035865,"8":305.635035865,"9":305.635035865},"lose_trades_avg_holdtime_per_side":{"0":14.765367893,"1":14.765367893,"2":14.765367893,"3":14.765367893,"4":14.765367893,"5":19.3858585859,"6":19.3858585859,"7":19.3858585859,"8":19.3858585859,"9":19.3858585859},"revenue_per_side":{"0":159.321676543,"1":159.321676543,"2":159.321676543,"3":159.321676543,"4":159.321676543,"5":335.012698301,"6":335.012698301,"7":335.012698301,"8":335.012698301,"9":335.012698301},"total_revenue":{"0":494.334374844,"1":494.334374844,"2":494.334374844,"3":494.334374844,"4":494.334374844,"5":494.334374844,"6":494.334374844,"7":494.334374844,"8":494.334374844,"9":494.334374844}}