{"Unnamed: 0":{"0":0,"1":1,"2":2,"3":3,"4":4,"5":5,"6":6,"7":7,"8":8,"9":9},"position":{"0":"long","1":"long","2":"long","3":"long","4":"long","5":"short","6":"short","7":"short","8":"short","9":"short"},"mm_level":{"0":4,"1":3,"2":2,"3":1,"4":0,"5":0,"6":1,"7":2,"8":3,"9":4},"total_trades":{"0":109,"1":387,"2":544,"3":625,"4":702,"5":772,"6":711,"7":609,"8":486,"9":282},"win_trades":{"0":100,"1":356,"2":485,"3":553,"4":604,"5":646,"6":622,"7":549,"8":447,"9":263},"win_rate":{"0":0.917431193,"1":0.919896641,"2":0.891544118,"3":0.8848,"4":0.86039886,"5":0.836787565,"6":0.874824191,"7":0.901477833,"8":0.919753086,"9":0.932624113},"both_sides_maker":{"0":95,"1":353,"2":478,"3":525,"4":598,"5":638,"6":623,"7":548,"8":451,"9":263},"spread":{"0":6.94954,"1":19.1904,"2":22.23467,"3":69.88053,"4":156.29706,"5":209.79264,"6":64.75212,"7":25.19428,"8":21.72204,"9":59.878},"rebate":{"0":0.315580946,"1":1.978206367,"2":17.34360283,"3":24.62938355,"4":33.34651081,"5":35.99299338,"6":29.20790538,"7":20.74697463,"8":9.862099805,"9":4.303642292},"fee_paid":{"0":1.355685069,"1":4.038767968,"2":5.064822509,"3":6.11734103,"4":7.572056662,"5":9.527120691,"6":7.98170719,"7":6.070568109,"8":4.918508531,"9":2.625698986},"revenue_per_level":{"0":5.909435877,"1":16.36435316,"2":16.88011636,"3":61.72460389,"4":144.713881,"5":203.4722105,"6":59.75036769,"7":23.76117141,"8":21.83594823,"9":61.55594331},"win_trades_avg_holdtime_per_level":{"0":385.8958333,"1":451.5970588,"2":426.9419525,"3":473.4961039,"4":409.7109974,"5":445.7729469,"6":435.0917431,"7":443.7685185,"8":431.9543147,"9":364.8849206},"lose_trades_avg_holdtime_per_level":{"0":10.30769231,"1":10.05405405,"2":70.03030303,"3":10.81081081,"4":18.14285714,"5":53.78082192,"6":21.1372549,"7":37.41860465,"8":12.61111111,"9":20.43333333},"win_trades_avg_holdtime_per_side":{"0":429.5283892,"1":429.5283892,"2":429.5283892,"3":429.5283892,"4":429.5283892,"5":424.2944888,"6":424.2944888,"7":424.2944888,"8":424.2944888,"9":424.2944888},"lose_trades_avg_holdtime_per_side":{"0":23.86914347,"1":23.86914347,"2":23.86914347,"3":23.86914347,"4":23.86914347,"5":29.07622518,"6":29.07622518,"7":29.07622518,"8":29.07622518,"9":29.07622518},"revenue_per_side":{"0":245.5923903,"1":245.5923903,"2":245.5923903,"3":245.5923903,"4":245.5923903,"5":370.3756411,"6":370.3756411,"7":370.3756411,"8":370.3756411,"9":370.3756411},"total_revenue":{"0":615.9680314,"1":615.9680314,"2":615.9680314,"3":615.9680314,"4":615.9680314,"5":615.9680314,"6":615.9680314,"7":615.9680314,"8":615.9680314,"9":615.9680314}}